"point_id","time","lon","lat","ele","X","Y"
0,"2023/09/26 10:59:54+00",7.28178064338863,51.4307598117739,74.8,810604.11,6697846.79
1,"2023/09/26 10:59:59+00",7.28187292814255,51.4308216702193,74.6,810614.39,6697857.83
2,"2023/09/26 11:00:01+00",7.28190427646041,51.4308396074921,74.6,810617.88,6697861.04
3,"2023/09/26 11:00:07+00",7.28198340162635,51.4309024717659,74.6,810626.68,6697872.26
4,"2023/09/26 11:00:14+00",7.28209471330047,51.430966258049,74.4,810639.08,6697883.65
5,"2023/09/26 11:00:16+00",7.28212924674153,51.4309909008443,74.4,810642.92,6697888.05
6,"2023/09/26 11:00:21+00",7.28220803663135,51.4310550224036,74.8,810651.69,6697899.5
7,"2023/09/26 11:00:25+00",7.28228925727308,51.4311127737164,74.8,810660.73,6697909.81
8,"2023/09/26 11:00:27+00",7.2823157440871,51.4311414398253,74.6,810663.68,6697914.93
9,"2023/09/26 11:00:30+00",7.28234499692917,51.4311692677438,74.6,810666.94,6697919.9
10,"2023/09/26 11:00:34+00",7.28241096250713,51.4312246721238,74.6,810674.28,6697929.79
11,"2023/09/26 11:00:39+00",7.28247541934252,51.4312711916864,74.4,810681.46,6697938.1
12,"2023/09/26 11:00:45+00",7.28253945708275,51.4313324633986,74,810688.58,6697949.04
13,"2023/09/26 11:00:51+00",7.28262721560895,51.4314139354974,73.8,810698.35,6697963.58
14,"2023/09/26 11:00:52+00",7.28264431469142,51.4314278494567,73.8,810700.26,6697966.07
15,"2023/09/26 11:00:59+00",7.28273089975119,51.4315029513091,73.8,810709.9,6697979.48
16,"2023/09/26 11:01:04+00",7.28279527276754,51.4315460342914,73.8,810717.06,6697987.17
17,"2023/09/26 11:01:05+00",7.28280013427138,51.4315576013178,74,810717.6,6697989.23
18,"2023/09/26 11:01:10+00",7.28287431411445,51.4316204655915,74,810725.86,6698000.46
19,"2023/09/26 11:01:15+00",7.28294958360493,51.431658603251,74,810734.24,6698007.27
20,"2023/09/26 11:01:16+00",7.28296416811645,51.431666649878,74,810735.86,6698008.71
21,"2023/09/26 11:01:21+00",7.28304136544466,51.4317102357745,73.8,810744.46,6698016.49
22,"2023/09/26 11:01:23+00",7.28305611759424,51.4317202102393,73.8,810746.1,6698018.27
23,"2023/09/26 11:01:25+00",7.28307338431478,51.4317133370787,73.8,810748.02,6698017.04
24,"2023/09/26 11:01:26+00",7.28306835517287,51.4317163545638,73.8,810747.46,6698017.58
25,"2023/09/26 11:01:29+00",7.2830081731081,51.4317316096276,73.6,810740.76,6698020.3
26,"2023/09/26 11:01:36+00",7.28284833021462,51.4317796379328,72.6,810722.97,6698028.88
27,"2023/09/26 11:01:38+00",7.282804409042,51.4317903667688,72.2,810718.08,6698030.8
28,"2023/09/26 11:01:42+00",7.28269284591079,51.431833114475,71.6,810705.66,6698038.43
29,"2023/09/26 11:01:43+00",7.28267138823867,51.4318413287401,71.2,810703.27,6698039.9
30,"2023/09/26 11:01:49+00",7.28254549205303,51.4319062884897,71.4,810689.26,6698051.49
31,"2023/09/26 11:01:54+00",7.28244289755821,51.4319407381117,71.8,810677.84,6698057.65
32,"2023/09/26 11:02:01+00",7.28231348097324,51.431991532445,71.8,810663.43,6698066.72
33,"2023/09/26 11:02:04+00",7.28225581347942,51.4320044405758,72,810657.01,6698069.02
34,"2023/09/26 11:02:06+00",7.28220325894654,51.4320176001638,72.2,810651.16,6698071.37
35,"2023/09/26 11:02:08+00",7.28216252289712,51.4320274069905,72.2,810646.62,6698073.12
36,"2023/09/26 11:02:16+00",7.28199228644371,51.432047272101,72.4,810627.67,6698076.67
37,"2023/09/26 11:02:24+00",7.28179338388145,51.4320783689618,72,810605.53,6698082.22
38,"2023/09/26 11:02:30+00",7.28168936446309,51.4321122318506,72.2,810593.95,6698088.27
39,"2023/09/26 11:02:35+00",7.28160177357495,51.4321230445057,72.2,810584.2,6698090.2
40,"2023/09/26 11:02:43+00",7.2814055532217,51.4321814663708,72.6,810562.36,6698100.63
41,"2023/09/26 11:02:44+00",7.2813817486167,51.4321887586266,72.6,810559.71,6698101.93
42,"2023/09/26 11:02:46+00",7.28134294040501,51.432208288461,72.6,810555.39,6698105.42
43,"2023/09/26 11:02:51+00",7.28122835978866,51.4322362840176,72.6,810542.63,6698110.42
44,"2023/09/26 11:02:57+00",7.28108930401504,51.4322760980576,72.6,810527.15,6698117.53
45,"2023/09/26 11:03:02+00",7.28097598068416,51.4322845637798,72.4,810514.54,6698119.04
46,"2023/09/26 11:03:10+00",7.28077481500804,51.4323022495955,72.8,810492.14,6698122.2
47,"2023/09/26 11:03:17+00",7.28061916306615,51.4323050156236,72.8,810474.82,6698122.69
48,"2023/09/26 11:03:20+00",7.28053542785347,51.4323227014393,72.8,810465.5,6698125.85
49,"2023/09/26 11:03:23+00",7.28045722469687,51.432332675904,72.8,810456.79,6698127.63
50,"2023/09/26 11:03:33+00",7.28021750226617,51.4323656167835,72.8,810430.11,6698133.51
51,"2023/09/26 11:03:43+00",7.27997970767319,51.4323850627989,72.8,810403.63,6698136.98
52,"2023/09/26 11:03:53+00",7.27975599467754,51.4323796983808,72.6,810378.73,6698136.03
53,"2023/09/26 11:03:59+00",7.2796216327697,51.4323672931641,72.6,810363.77,6698133.81
54,"2023/09/26 11:04:03+00",7.27951895445585,51.4323724061251,72.8,810352.34,6698134.72
55,"2023/09/26 11:04:07+00",7.27942365221679,51.4323725737631,72.8,810341.73,6698134.75
56,"2023/09/26 11:04:09+00",7.27937201969326,51.4323815423995,72.6,810335.99,6698136.35
57,"2023/09/26 11:04:13+00",7.27926707826555,51.4323883317411,72.4,810324.3,6698137.57
58,"2023/09/26 11:04:21+00",7.27905007079244,51.4323945343494,72.2,810300.15,6698138.67
59,"2023/09/26 11:04:30+00",7.27883784100413,51.4324005693197,72.6,810276.52,6698139.75
60,"2023/09/26 11:04:40+00",7.27858646772802,51.4323910139501,72.2,810248.54,6698138.05
61,"2023/09/26 11:04:43+00",7.2785163950175,51.4323936123401,72.2,810240.74,6698138.51
62,"2023/09/26 11:04:48+00",7.27840583771467,51.4323962107301,71.8,810228.43,6698138.97
63,"2023/09/26 11:04:56+00",7.27825060486794,51.4323920197785,71.8,810211.15,6698138.23
64,"2023/09/26 11:04:58+00",7.27819880470634,51.4323862362653,71.8,810205.38,6698137.19
65,"2023/09/26 11:05:04+00",7.27804558351636,51.4323931094259,72.2,810188.33,6698138.42
66,"2023/09/26 11:05:05+00",7.27802320383489,51.4323988091201,72,810185.84,6698139.44
67,"2023/09/26 11:05:11+00",7.27788951247931,51.4324072748423,72,810170.95,6698140.95
68,"2023/09/26 11:05:12+00",7.27786252275109,51.4324148185551,72,810167.95,6698142.3
69,"2023/09/26 11:05:13+00",7.27783779613674,51.4324221946299,72,810165.2,6698143.61
70,"2023/09/26 11:05:20+00",7.27770117111504,51.432488411665,72.2,810149.99,6698155.44
71,"2023/09/26 11:05:26+00",7.27760444395244,51.4325700514019,72.4,810139.22,6698170.01
72,"2023/09/26 11:05:29+00",7.27757066488266,51.4326113741845,72.4,810135.46,6698177.39
73,"2023/09/26 11:05:37+00",7.27750159800053,51.4327260386199,72.2,810127.77,6698197.87
74,"2023/09/26 11:05:41+00",7.27742875926197,51.4327770005912,72.2,810119.66,6698206.97
75,"2023/09/26 11:05:46+00",7.27739573456347,51.4328549522907,72,810115.99,6698220.89
76,"2023/09/26 11:05:53+00",7.27740135043859,51.4329660963267,72,810116.61,6698240.73
77,"2023/09/26 11:06:00+00",7.27745298296213,51.4330711215734,71.8,810122.36,6698259.48
78,"2023/09/26 11:06:07+00",7.27748843841255,51.4331753086299,71.6,810126.31,6698278.09
79,"2023/09/26 11:06:14+00",7.27754870429635,51.4332630671561,71.4,810133.02,6698293.76
80,"2023/09/26 11:06:22+00",7.27760025300086,51.4333767257631,71.2,810138.75,6698314.05
81,"2023/09/26 11:06:30+00",7.27766177617013,51.4334763027728,70.8,810145.6,6698331.83
82,"2023/09/26 11:06:34+00",7.27769019082189,51.433532461524,70.4,810148.77,6698341.86
83,"2023/09/26 11:06:38+00",7.27770569734275,51.4335901290178,70.6,810150.49,6698352.16
84,"2023/09/26 11:06:42+00",7.27771910838783,51.4336458686739,70.6,810151.99,6698362.11
85,"2023/09/26 11:06:47+00",7.27774106897414,51.4337176177651,70.4,810154.43,6698374.92
86,"2023/09/26 11:06:55+00",7.27777644060552,51.4338305220008,70.2,810158.37,6698395.08
87,"2023/09/26 11:06:57+00",7.27778130210936,51.4338630437851,70.2,810158.91,6698400.89
88,"2023/09/26 11:07:01+00",7.27778792381287,51.433923477307,70.2,810159.65,6698411.68
89,"2023/09/26 11:07:09+00",7.27780376560986,51.4340506307781,70.2,810161.41,6698434.39
90,"2023/09/26 11:07:14+00",7.2777980659157,51.4341128244996,70.4,810160.77,6698445.49
91,"2023/09/26 11:07:19+00",7.27779395878315,51.4341883454472,70.4,810160.32,6698458.98
92,"2023/09/26 11:07:26+00",7.27778851054609,51.4342960529029,70.4,810159.71,6698478.21
93,"2023/09/26 11:07:34+00",7.27778297849,51.4344206918031,70,810159.1,6698500.47
94,"2023/09/26 11:07:38+00",7.2777774464339,51.434481292963,70.6,810158.48,6698511.29
95,"2023/09/26 11:07:45+00",7.2777621075511,51.4345822110772,70.6,810156.77,6698529.31
96,"2023/09/26 11:07:54+00",7.27775137871504,51.4347277209163,70.6,810155.58,6698555.29
97,"2023/09/26 11:08:04+00",7.2777393925935,51.4348877314478,71,810154.24,6698583.87
98,"2023/09/26 11:08:07+00",7.27773545309901,51.4349306467921,71,810153.8,6698591.53
99,"2023/09/26 11:08:11+00",7.27776587940753,51.4349822793156,71,810157.19,6698600.75
100,"2023/09/26 11:08:17+00",7.27780602872372,51.4350771624595,71,810161.66,6698617.69
101,"2023/09/26 11:08:24+00",7.27790116332471,51.4351761527359,71.2,810172.25,6698635.37
102,"2023/09/26 11:08:31+00",7.27800384163857,51.4352637436241,71.2,810183.68,6698651.01
103,"2023/09/26 11:08:35+00",7.27808028459549,51.4353067427874,71.4,810192.19,6698658.69
104,"2023/09/26 11:08:42+00",7.27821573615074,51.435374468565,71.4,810207.27,6698670.78
105,"2023/09/26 11:08:47+00",7.27831531316042,51.4354118518531,71.4,810218.35,6698677.46
106,"2023/09/26 11:08:49+00",7.27836158126593,51.435427274555,71.6,810223.51,6698680.21
107,"2023/09/26 11:08:57+00",7.27855134755373,51.4354717824608,71.8,810244.63,6698688.16
108,"2023/09/26 11:09:02+00",7.27866106666625,51.4354956708848,72,810256.84,6698692.42
109,"2023/09/26 11:09:06+00",7.27875712327659,51.4355174638331,72,810267.54,6698696.32
110,"2023/09/26 11:09:09+00",7.27881998755038,51.4355300366879,72.2,810274.53,6698698.56
111,"2023/09/26 11:09:15+00",7.27895786985755,51.4355604629964,72.2,810289.88,6698703.99
112,"2023/09/26 11:09:22+00",7.2791210655123,51.4355880394578,72.4,810308.05,6698708.92
113,"2023/09/26 11:09:28+00",7.2792624682188,51.4355941582471,72.4,810323.79,6698710.01
114,"2023/09/26 11:09:29+00",7.27927923202515,51.4355945773423,72.4,810325.66,6698710.09
115,"2023/09/26 11:09:35+00",7.27941904217005,51.435607066378,72.4,810341.22,6698712.32
116,"2023/09/26 11:09:37+00",7.27946732193232,51.4356092456728,72.4,810346.6,6698712.71
117,"2023/09/26 11:09:44+00",7.27963328361511,51.4356157835573,72.6,810365.07,6698713.87
118,"2023/09/26 11:09:55+00",7.2798771969974,51.435609664768,73.2,810392.22,6698712.78
119,"2023/09/26 11:10:03+00",7.28006428107619,51.4356146100909,73.4,810413.05,6698713.66
120,"2023/09/26 11:10:06+00",7.28014240041375,51.4356164541095,73.4,810421.74,6698713.99
121,"2023/09/26 11:10:10+00",7.28023761883378,51.435625590384,73.6,810432.34,6698715.62
122,"2023/09/26 11:10:11+00",7.28026167489588,51.4356270153075,73.6,810435.02,6698715.88
123,"2023/09/26 11:10:17+00",7.28038899600506,51.4356472156942,73.6,810449.2,6698719.49
124,"2023/09/26 11:10:20+00",7.28045932017267,51.4356623031199,73.6,810457.02,6698722.18
125,"2023/09/26 11:10:24+00",7.28053257800639,51.4356818329543,73.6,810465.18,6698725.67
126,"2023/09/26 11:10:29+00",7.28065520524979,51.4357116725296,73.4,810478.83,6698731
127,"2023/09/26 11:10:36+00",7.28077808395028,51.4357704296708,73.4,810492.51,6698741.49
128,"2023/09/26 11:10:41+00",7.28087590076029,51.4358090702444,73.4,810503.4,6698748.39
129,"2023/09/26 11:10:44+00",7.28093566372991,51.4358374010772,73.4,810510.05,6698753.45
130,"2023/09/26 11:10:52+00",7.28110363706946,51.4358936436474,73.6,810528.75,6698763.49
131,"2023/09/26 11:11:04+00",7.28136640973389,51.4359924662858,73.4,810558,6698781.14
132,"2023/09/26 11:11:12+00",7.28151803836226,51.4360654726624,73.4,810574.88,6698794.17
133,"2023/09/26 11:11:19+00",7.28163463063538,51.4361189492047,73.2,810587.86,6698803.72
134,"2023/09/26 11:11:27+00",7.28179782629013,51.4361996669322,73.2,810606.03,6698818.14
135,"2023/09/26 11:11:32+00",7.28187770582736,51.436259848997,73.2,810614.92,6698828.88
136,"2023/09/26 11:11:34+00",7.28190519846976,51.4362858328968,73.2,810617.98,6698833.52
137,"2023/09/26 11:11:40+00",7.28199496865273,51.4363667182624,73.2,810627.97,6698847.97
138,"2023/09/26 11:11:45+00",7.28206118568778,51.4364346954972,73.2,810635.34,6698860.11
139,"2023/09/26 11:11:52+00",7.28214961476624,51.4365216996521,73.2,810645.19,6698875.64
140,"2023/09/26 11:11:57+00",7.28220443241298,51.4365889225155,73,810651.29,6698887.65
141,"2023/09/26 11:12:02+00",7.2822533827275,51.4366553071886,73.2,810656.74,6698899.5
142,"2023/09/26 11:12:12+00",7.28234231472015,51.4367853105068,73,810666.64,6698922.72
143,"2023/09/26 11:12:17+00",7.28236980736256,51.4368573110551,73,810669.7,6698935.58
144,"2023/09/26 11:12:22+00",7.28241758421063,51.4369288925081,73.2,810675.02,6698948.36
145,"2023/09/26 11:12:28+00",7.28244725614786,51.4370233565569,73.2,810678.32,6698965.23
146,"2023/09/26 11:12:35+00",7.28251405991614,51.437126789242,73.2,810685.76,6698983.7
147,"2023/09/26 11:12:44+00",7.28261640295386,51.4372608996928,73.4,810697.15,6699007.65
148,"2023/09/26 11:12:51+00",7.28267826139927,51.4373660925776,73.4,810704.04,6699026.43
149,"2023/09/26 11:12:58+00",7.28268790058792,51.4374592155218,73.6,810705.11,6699043.06
150,"2023/09/26 11:13:04+00",7.28262159973383,51.4375359099358,73.8,810697.73,6699056.76
151,"2023/09/26 11:13:10+00",7.28253652341664,51.4376187231392,74,810688.26,6699071.55
152,"2023/09/26 11:13:13+00",7.28250291198492,51.4376567769796,74.2,810684.52,6699078.34
153,"2023/09/26 11:13:15+00",7.28247935883701,51.437681671232,74.2,810681.89,6699082.79
154,"2023/09/26 11:13:20+00",7.28242051787674,51.4377432782203,74.4,810675.34,6699093.79
155,"2023/09/26 11:13:26+00",7.28234868496656,51.4378289412707,74.4,810667.35,6699109.09
156,"2023/09/26 11:13:32+00",7.28228070773184,51.4379027020186,74.2,810659.78,6699122.26
157,"2023/09/26 11:13:40+00",7.28213570080698,51.4379810728133,74.4,810643.64,6699136.25
158,"2023/09/26 11:13:50+00",7.28189840912819,51.4380254969001,74.4,810617.22,6699144.19
159,"2023/09/26 11:13:54+00",7.2818011790514,51.4380353037268,74.6,810606.4,6699145.94
160,"2023/09/26 11:13:57+00",7.28173144161701,51.4380353037268,74.6,810598.64,6699145.94
161,"2023/09/26 11:14:04+00",7.28156162425876,51.4380407519639,74.4,810579.73,6699146.91
162,"2023/09/26 11:14:13+00",7.28133615106344,51.4380493853241,74.6,810554.63,6699148.45
163,"2023/09/26 11:14:17+00",7.2812348138541,51.4380493015051,74.6,810543.35,6699148.44
164,"2023/09/26 11:14:22+00",7.28111101314425,51.4380447752774,74.6,810529.57,6699147.63
165,"2023/09/26 11:14:29+00",7.2809343226254,51.4380421768874,74.6,810509.9,6699147.17
166,"2023/09/26 11:14:39+00",7.28069510310888,51.4380063023418,74.6,810483.27,6699140.76
167,"2023/09/26 11:14:42+00",7.2806219290942,51.4379885327071,74.6,810475.13,6699137.59
168,"2023/09/26 11:14:45+00",7.28056778199971,51.4379626326263,74.8,810469.1,6699132.96
169,"2023/09/26 11:14:53+00",7.28038212284446,51.437911670655,74.6,810448.43,6699123.86
170,"2023/09/26 11:15:00+00",7.28023719973862,51.4378591999412,74.6,810432.3,6699114.49
171,"2023/09/26 11:15:09+00",7.28005765937269,51.4377792365849,74.6,810412.31,6699100.21
172,"2023/09/26 11:15:14+00",7.27998238988221,51.4377335552126,74.6,810403.93,6699092.05
173,"2023/09/26 11:15:17+00",7.27992430329323,51.4377027098089,74.6,810397.47,6699086.54
174,"2023/09/26 11:15:18+00",7.27989722974598,51.4376991894096,74.4,810394.45,6699085.92
175,"2023/09/26 11:15:19+00",7.27987141348422,51.4376970939338,74.4,810391.58,6699085.54
176,"2023/09/26 11:15:20+00",7.27984509430826,51.4377010334283,74.4,810388.65,6699086.24
177,"2023/09/26 11:15:25+00",7.27975700050592,51.4377651549876,74.4,810378.84,6699097.7
178,"2023/09/26 11:15:31+00",7.27966169826686,51.4378462079912,74.6,810368.23,6699112.17
179,"2023/09/26 11:15:38+00",7.27955365553498,51.4379198849201,74.4,810356.21,6699125.33
180,"2023/09/26 11:15:43+00",7.27944628335536,51.4379506465048,74.4,810344.25,6699130.82
181,"2023/09/26 11:15:49+00",7.27936900220811,51.4380270894617,74.4,810335.65,6699144.47
182,"2023/09/26 11:15:54+00",7.27934452705085,51.438104622066,74.4,810332.93,6699158.32
183,"2023/09/26 11:16:00+00",7.27929373271763,51.4381681568921,74.6,810327.27,6699169.66
184,"2023/09/26 11:16:05+00",7.27921376936138,51.4381995052099,74.8,810318.37,6699175.26
185,"2023/09/26 11:16:06+00",7.27920413017273,51.4382151793689,74.8,810317.3,6699178.06
186,"2023/09/26 11:16:13+00",7.27920396253467,51.4383040275425,75,810317.28,6699193.93
187,"2023/09/26 11:16:14+00",7.27921695448458,51.4383149240166,75,810318.72,6699195.87
188,"2023/09/26 11:16:19+00",7.27929079905152,51.4383737649769,75,810326.95,6699206.38
189,"2023/09/26 11:16:28+00",7.27938308380544,51.4384960569441,75.4,810337.22,6699228.22
190,"2023/09/26 11:16:29+00",7.27938928641379,51.4385103899986,75.4,810337.91,6699230.78
191,"2023/09/26 11:16:30+00",7.27939523756504,51.4385259803385,75.6,810338.57,6699233.56
192,"2023/09/26 11:16:33+00",7.27941183373332,51.4385777805001,76,810340.42,6699242.81
193,"2023/09/26 11:16:35+00",7.27942591533065,51.4386029262096,76.2,810341.99,6699247.3
194,"2023/09/26 11:16:38+00",7.27947302162647,51.4386447519064,76.8,810347.23,6699254.77
195,"2023/09/26 11:16:40+00",7.27951216511428,51.4386660419405,77.2,810351.59,6699258.58
196,"2023/09/26 11:16:44+00",7.27957804687321,51.4386888407171,77.4,810358.92,6699262.65
197,"2023/09/26 11:16:47+00",7.27964518591762,51.4387027546763,77.4,810366.4,6699265.13
198,"2023/09/26 11:16:48+00",7.2796665597707,51.4387065265328,77.4,810368.77,6699265.81
199,"2023/09/26 11:16:55+00",7.27978080511093,51.4387429878116,77.6,810381.49,6699272.32
200,"2023/09/26 11:16:57+00",7.2797963116318,51.4387593325227,77.8,810383.22,6699275.24
201,"2023/09/26 11:16:58+00",7.27980779483914,51.4387710671872,77.8,810384.5,6699277.33
202,"2023/09/26 11:17:01+00",7.27985054254532,51.4388026669621,78.4,810389.26,6699282.97
203,"2023/09/26 11:17:05+00",7.27990359999239,51.4388618431985,78.8,810395.16,6699293.54
204,"2023/09/26 11:17:07+00",7.27992673404515,51.4388848096132,78.8,810397.74,6699297.64
205,"2023/09/26 11:17:08+00",7.27993494831026,51.4388944488019,79,810398.65,6699299.37
206,"2023/09/26 11:17:09+00",7.2799414023757,51.4389050099999,79,810399.37,6699301.25
207,"2023/09/26 11:17:16+00",7.27999311871827,51.4389786869287,80,810405.13,6699314.41
208,"2023/09/26 11:17:23+00",7.28001323528588,51.4390545431525,81,810407.37,6699327.96
209,"2023/09/26 11:17:24+00",7.28001826442778,51.4390728157014,81.2,810407.93,6699331.22
210,"2023/09/26 11:17:26+00",7.28002555668354,51.4391030743718,82,810408.74,6699336.62
211,"2023/09/26 11:17:30+00",7.28002488613129,51.4391557127237,83.2,810408.66,6699346.02
212,"2023/09/26 11:17:31+00",7.28002404794097,51.439174991101,83.4,810408.57,6699349.47
213,"2023/09/26 11:17:36+00",7.28001206181943,51.4392496738583,84.2,810407.24,6699362.8
214,"2023/09/26 11:17:38+00",7.28000963106751,51.4392666053027,84.8,810406.97,6699365.83
215,"2023/09/26 11:17:39+00",7.2800154145807,51.4392778370529,84.8,810407.61,6699367.83
216,"2023/09/26 11:17:41+00",7.2800397220999,51.4393073413521,85.4,810410.31,6699373.1
217,"2023/09/26 11:17:43+00",7.28005673736334,51.4393327385187,86,810412.21,6699377.64
218,"2023/09/26 11:17:45+00",7.28008138015866,51.4393681101501,86.4,810414.95,6699383.95
219,"2023/09/26 11:17:49+00",7.28010275401175,51.4394282083958,87,810417.33,6699394.69
220,"2023/09/26 11:17:54+00",7.28012873791158,51.4394997060299,87.6,810420.22,6699407.45
221,"2023/09/26 11:18:00+00",7.28014868684113,51.4395867940038,88.4,810422.44,6699423.01
222,"2023/09/26 11:18:01+00",7.28014793246984,51.439600540325,88.8,810422.36,6699425.46
223,"2023/09/26 11:18:05+00",7.28010577149689,51.4396504126489,89.4,810417.67,6699434.37
224,"2023/09/26 11:18:07+00",7.2800724953413,51.4396618120372,89.8,810413.96,6699436.4
225,"2023/09/26 11:18:10+00",7.28000929579139,51.4396864548326,90.4,810406.93,6699440.81
226,"2023/09/26 11:18:15+00",7.27991122752428,51.4396972674876,91,810396.01,6699442.74
227,"2023/09/26 11:18:17+00",7.2798671387136,51.4396984409541,91,810391.1,6699442.95
228,"2023/09/26 11:18:25+00",7.27966882288456,51.4397010393441,92,810369.03,6699443.41
229,"2023/09/26 11:18:28+00",7.27961635217071,51.4397235028446,92.6,810363.19,6699447.42
230,"2023/09/26 11:18:30+00",7.27960864081979,51.4397486485541,93,810362.33,6699451.91
231,"2023/09/26 11:18:35+00",7.27962926030159,51.4398262649775,94.2,810364.62,6699465.77
232,"2023/09/26 11:18:36+00",7.27963571436703,51.4398385025561,94.4,810365.34,6699467.96
233,"2023/09/26 11:18:41+00",7.27966899052262,51.439907066524,95.2,810369.05,6699480.2
234,"2023/09/26 11:18:42+00",7.27966890670359,51.4399183820933,95.4,810369.04,6699482.22
235,"2023/09/26 11:18:49+00",7.27971852757037,51.4400161150843,96.2,810374.56,6699499.68
236,"2023/09/26 11:18:50+00",7.27972657419741,51.4400307834148,96.4,810375.46,6699502.3
237,"2023/09/26 11:18:55+00",7.27976605296135,51.4401082322001,97.2,810379.85,6699516.13
238,"2023/09/26 11:18:57+00",7.27977686561644,51.4401374850422,97.6,810381.05,6699521.35
239,"2023/09/26 11:19:01+00",7.27979438379407,51.4402014389634,98.2,810383,6699532.78
240,"2023/09/26 11:19:03+00",7.27980167604983,51.4402326196432,98.4,810383.82,6699538.34
241,"2023/09/26 11:19:04+00",7.27980938740075,51.4402503892779,98.6,810384.67,6699541.52
242,"2023/09/26 11:19:07+00",7.27983042597771,51.4402869343758,99,810387.02,6699548.04
243,"2023/09/26 11:19:09+00",7.27984325028956,51.4403155166656,99.4,810388.44,6699553.15
244,"2023/09/26 11:19:13+00",7.27986294776201,51.4403718430549,99.8,810390.64,6699563.21
245,"2023/09/26 11:19:16+00",7.27987862192094,51.4404078014195,100,810392.38,6699569.63
246,"2023/09/26 11:19:21+00",7.27993662469089,51.4404604397714,100.4,810398.84,6699579.03
247,"2023/09/26 11:19:25+00",7.27996503934264,51.4405117370188,100.8,810402,6699588.19
248,"2023/09/26 11:19:28+00",7.27995598688722,51.4405555743724,101,810400.99,6699596.02
249,"2023/09/26 11:19:35+00",7.27990301325917,51.4406402315944,101.8,810395.1,6699611.14
250,"2023/09/26 11:19:36+00",7.27989002130926,51.4406520500779,102,810393.65,6699613.25
251,"2023/09/26 11:19:43+00",7.2798272408545,51.4407493639737,102.8,810386.66,6699630.63
252,"2023/09/26 11:19:45+00",7.27980561554432,51.4407732523978,103,810384.25,6699634.89
253,"2023/09/26 11:19:50+00",7.2797839064151,51.4408269803971,104,810381.84,6699644.49
254,"2023/09/26 11:19:51+00",7.27979086339474,51.4408417325467,104,810382.61,6699647.12
255,"2023/09/26 11:19:56+00",7.27984777651727,51.4409031718969,104.2,810388.95,6699658.1
256,"2023/09/26 11:20:00+00",7.27992338128388,51.4409398008138,103.8,810397.36,6699664.64
257,"2023/09/26 11:20:03+00",7.27993134409189,51.440972071141,103.8,810398.25,6699670.4
258,"2023/09/26 11:20:05+00",7.27991575375199,51.4409995637834,104,810396.51,6699675.31
259,"2023/09/26 11:20:12+00",7.27987292222679,51.4410946145654,105,810391.75,6699692.29
260,"2023/09/26 11:20:13+00",7.27986923418939,51.4411103725433,105.2,810391.34,6699695.1
261,"2023/09/26 11:20:21+00",7.27984073571861,51.4412315748632,106,810388.16,6699716.75
262,"2023/09/26 11:20:22+00",7.27983579039574,51.4412471652031,106,810387.61,6699719.53
263,"2023/09/26 11:20:28+00",7.27979689836502,51.4413301460445,106.6,810383.28,6699734.35
264,"2023/09/26 11:20:34+00",7.27979983203113,51.4414243586361,107.2,810383.61,6699751.18
265,"2023/09/26 11:20:40+00",7.27978407405317,51.4414729736745,107.8,810381.86,6699759.86
266,"2023/09/26 11:20:45+00",7.27980192750692,51.4415292162448,108,810383.84,6699769.9
267,"2023/09/26 11:20:46+00",7.27981424890459,51.441543046385,108.2,810385.22,6699772.37
268,"2023/09/26 11:20:51+00",7.27986420504749,51.4416145440191,108.8,810390.78,6699785.14
269,"2023/09/26 11:20:53+00",7.27986143901944,51.4416478201747,109.4,810390.47,6699791.09
270,"2023/09/26 11:20:55+00",7.27985397912562,51.4416820183396,109.4,810389.64,6699797.19
271,"2023/09/26 11:20:56+00",7.27984576486051,51.4416984468699,109.6,810388.72,6699800.13
272,"2023/09/26 11:21:04+00",7.27977904491127,51.4418028853834,110,810381.3,6699818.78
273,"2023/09/26 11:21:11+00",7.27967150509357,51.4418894704431,110.4,810369.33,6699834.24
274,"2023/09/26 11:21:16+00",7.27960621006787,51.4419502392411,111,810362.06,6699845.1
275,"2023/09/26 11:21:18+00",7.27957947179675,51.4419749658555,111,810359.08,6699849.51
276,"2023/09/26 11:21:22+00",7.27952339686453,51.4420350641012,111.6,810352.84,6699860.25
277,"2023/09/26 11:21:25+00",7.27949330583215,51.4420669153333,112,810349.49,6699865.93
278,"2023/09/26 11:21:27+00",7.279471764341,51.4420870319009,112.6,810347.09,6699869.53
279,"2023/09/26 11:21:31+00",7.27942650206387,51.4421271812171,113.4,810342.05,6699876.7
280,"2023/09/26 11:21:33+00",7.27939238771796,51.442148052156,113.6,810338.25,6699880.42
281,"2023/09/26 11:21:39+00",7.27930454537272,51.4422239083797,114.2,810328.48,6699893.97
282,"2023/09/26 11:21:43+00",7.27927789092064,51.4422641415149,114.6,810325.51,6699901.16
283,"2023/09/26 11:21:45+00",7.27925861254334,51.4422761276364,114.8,810323.36,6699903.3
284,"2023/09/26 11:21:52+00",7.27916263975203,51.4423461165279,115.6,810312.68,6699915.8
285,"2023/09/26 11:21:53+00",7.27914864197373,51.442359527573,115.6,810311.12,6699918.19
286,"2023/09/26 11:21:59+00",7.2790848556906,51.4424353837967,116.4,810304.02,6699931.74
287,"2023/09/26 11:22:04+00",7.27904059924185,51.4424915425479,116.8,810299.09,6699941.77
288,"2023/09/26 11:22:06+00",7.279022494331,51.4425191190094,117,810297.08,6699946.7
289,"2023/09/26 11:22:13+00",7.27894018404186,51.4425884373486,117.6,810287.91,6699959.08
290,"2023/09/26 11:22:15+00",7.27890975773335,51.4426072128117,117.8,810284.53,6699962.43
291,"2023/09/26 11:22:18+00",7.27887505665421,51.442631855607,118.2,810280.66,6699966.83
292,"2023/09/26 11:22:20+00",7.27885762229562,51.4426508825272,119,810278.72,6699970.23
293,"2023/09/26 11:22:24+00",7.27880833670497,51.4427020959556,120,810273.24,6699979.37
294,"2023/09/26 11:22:25+00",7.27879861369729,51.4427116513252,120.2,810272.16,6699981.08
295,"2023/09/26 11:22:31+00",7.27873055264354,51.4427689835429,121,810264.58,6699991.32
296,"2023/09/26 11:22:32+00",7.27871756069362,51.4427846577018,121.2,810263.13,6699994.12
297,"2023/09/26 11:22:37+00",7.27865737862885,51.4428518805653,122.2,810256.43,6700006.13
298,"2023/09/26 11:22:41+00",7.27861488237977,51.4428948797286,122.8,810251.7,6700013.81
299,"2023/09/26 11:22:44+00",7.27858604863286,51.4429213665426,123.2,810248.49,6700018.54
300,"2023/09/26 11:22:49+00",7.27853014133871,51.4429704844952,124.4,810242.27,6700027.31
301,"2023/09/26 11:22:55+00",7.27842737920582,51.4429958816618,125.4,810230.83,6700031.84
302,"2023/09/26 11:22:56+00",7.27841841056943,51.4430023357272,125.6,810229.83,6700033
303,"2023/09/26 11:23:01+00",7.27837583050132,51.4430460892618,126.8,810225.09,6700040.81
304,"2023/09/26 11:23:02+00",7.27836359292269,51.443054554984,127,810223.73,6700042.32
305,"2023/09/26 11:23:06+00",7.27830852381885,51.4430833887309,127.8,810217.6,6700047.47
306,"2023/09/26 11:23:09+00",7.27823602035642,51.4431114681065,128.6,810209.53,6700052.49
307,"2023/09/26 11:23:11+00",7.27819293737411,51.443120772019,129,810204.73,6700054.15
308,"2023/09/26 11:23:15+00",7.27811909280717,51.4431320037693,129.8,810196.51,6700056.16
309,"2023/09/26 11:23:17+00",7.27809294126928,51.4431345183402,130,810193.6,6700056.6
310,"2023/09/26 11:23:21+00",7.27802881971002,51.443144576624,131.2,810186.46,6700058.4
311,"2023/09/26 11:23:23+00",7.27799378335476,51.4431501086801,131.6,810182.56,6700059.39
312,"2023/09/26 11:23:27+00",7.27792496792972,51.4431738294661,132.6,810174.9,6700063.63
313,"2023/09/26 11:23:29+00",7.27791616693139,51.4431838039309,133,810173.92,6700065.41
314,"2023/09/26 11:23:33+00",7.27789755910635,51.4432019926608,133.6,810171.85,6700068.66
315,"2023/09/26 11:23:35+00",7.2778863273561,51.4432212710381,134,810170.6,6700072.1
316,"2023/09/26 11:23:37+00",7.27787819691002,51.4432330057025,134.4,810169.69,6700074.19
317,"2023/09/26 11:23:39+00",7.2778691444546,51.4432524517179,134.6,810168.69,6700077.67
318,"2023/09/26 11:23:42+00",7.27784911170602,51.4432805310935,135.2,810166.46,6700082.68
319,"2023/09/26 11:23:44+00",7.27784307673573,51.4432910922915,135.6,810165.79,6700084.57
320,"2023/09/26 11:23:49+00",7.27783016860485,51.4433244522661,136.6,810164.35,6700090.53
321,"2023/09/26 11:23:50+00",7.27782723493874,51.4433318283409,136.8,810164.02,6700091.84
322,"2023/09/26 11:23:54+00",7.27780250832438,51.4433759171516,137.8,810161.27,6700099.72
323,"2023/09/26 11:23:57+00",7.27778633125126,51.4434072654694,138.6,810159.47,6700105.32
324,"2023/09/26 11:23:58+00",7.27778373286128,51.4434143900871,138.8,810159.18,6700106.59
325,"2023/09/26 11:24:03+00",7.27775271981955,51.4434542879462,140,810155.73,6700113.72
326,"2023/09/26 11:24:04+00",7.27775246836245,51.443459065631,140.4,810155.7,6700114.57
327,"2023/09/26 11:24:08+00",7.27774400264025,51.4434887375683,141,810154.76,6700119.87
328,"2023/09/26 11:24:12+00",7.27775045670569,51.4435346703976,142.4,810155.47,6700128.07
329,"2023/09/26 11:24:13+00",7.27775213308632,51.4435474947095,142.6,810155.66,6700130.36
330,"2023/09/26 11:24:16+00",7.27776864543557,51.4435747358948,143.4,810157.5,6700135.23
331,"2023/09/26 11:24:19+00",7.27778557687998,51.4435972832143,144.2,810159.38,6700139.25
332,"2023/09/26 11:24:22+00",7.27780292741954,51.4436292182654,144.6,810161.32,6700144.96
333,"2023/09/26 11:24:25+00",7.27782128378749,51.4436649251729,145.8,810163.36,6700151.34
334,"2023/09/26 11:24:27+00",7.27782614529133,51.4436880592257,146.4,810163.9,6700155.47
335,"2023/09/26 11:24:29+00",7.27782731875777,51.4437119476497,146.8,810164.03,6700159.73
336,"2023/09/26 11:24:35+00",7.27783318608999,51.4437887258828,148,810164.68,6700173.45
337,"2023/09/26 11:24:36+00",7.27783142589033,51.4437997061759,148.2,810164.49,6700175.41
338,"2023/09/26 11:24:43+00",7.27780141867697,51.4438826031983,148.6,810161.15,6700190.21
339,"2023/09/26 11:24:49+00",7.27771659381688,51.4439432881773,148.6,810151.71,6700201.05
340,"2023/09/26 11:24:55+00",7.27762531489134,51.4439765643328,148.4,810141.54,6700207
341,"2023/09/26 11:25:00+00",7.2775562480092,51.4440122712404,148,810133.86,6700213.37
342,"2023/09/26 11:25:03+00",7.27751132100821,51.4440417755395,147.6,810128.85,6700218.64
343,"2023/09/26 11:25:07+00",7.2774648014456,51.4440729562193,147,810123.68,6700224.21
344,"2023/09/26 11:25:08+00",7.27745063602924,51.4440791588277,147,810122.1,6700225.32
345,"2023/09/26 11:25:10+00",7.27742029353976,51.444090558216,146.2,810118.72,6700227.35
346,"2023/09/26 11:25:14+00",7.27735072374344,51.4441110938787,145.8,810110.98,6700231.02
347,"2023/09/26 11:25:16+00",7.27730722166598,51.4441282767802,145.4,810106.13,6700234.09
348,"2023/09/26 11:25:17+00",7.27728928439319,51.4441341441125,145.2,810104.14,6700235.14
349,"2023/09/26 11:25:20+00",7.27724175900221,51.4441542606801,144.4,810098.85,6700238.73
350,"2023/09/26 11:25:25+00",7.27713120169938,51.4441881235689,143.8,810086.54,6700244.78
351,"2023/09/26 11:25:27+00",7.2770887054503,51.4441952481866,143.4,810081.81,6700246.05
352,"2023/09/26 11:25:29+00",7.27705006487668,51.4441967569292,142.8,810077.51,6700246.32
353,"2023/09/26 11:25:32+00",7.27699918672442,51.4441916439682,142.8,810071.84,6700245.41
354,"2023/09/26 11:25:35+00",7.27694143541157,51.4441839326173,142.4,810065.42,6700244.03
355,"2023/09/26 11:25:37+00",7.27689743041992,51.4441815856844,142,810060.52,6700243.61
356,"2023/09/26 11:25:39+00",7.27686080150306,51.4441795740277,141.8,810056.44,6700243.25
357,"2023/09/26 11:25:42+00",7.27680925279856,51.444177730009,141.2,810050.7,6700242.92
358,"2023/09/26 11:25:47+00",7.27672291919589,51.4441729523242,141,810041.09,6700242.07
359,"2023/09/26 11:25:51+00",7.2766497451812,51.4441758859903,140.8,810032.94,6700242.59
360,"2023/09/26 11:25:53+00",7.27659836411476,51.4441740419716,140.4,810027.22,6700242.27
361,"2023/09/26 11:25:54+00",7.27657472714782,51.4441715274006,140.2,810024.59,6700241.82
362,"2023/09/26 11:26:01+00",7.27640851400793,51.4441506564617,139.4,810006.09,6700238.09
363,"2023/09/26 11:26:04+00",7.27635864168406,51.444132970646,138.8,810000.54,6700234.93
364,"2023/09/26 11:26:07+00",7.27630541659892,51.444111680612,138.8,809994.61,6700231.13
365,"2023/09/26 11:26:15+00",7.27616049349308,51.4440716989338,138.6,809978.48,6700223.99
366,"2023/09/26 11:26:21+00",7.27604071609676,51.4440768957138,137.8,809965.15,6700224.91
367,"2023/09/26 11:26:27+00",7.27590425871313,51.4440914802253,136.8,809949.96,6700227.52
368,"2023/09/26 11:26:29+00",7.27587316185236,51.444098521024,136.4,809946.5,6700228.78
369,"2023/09/26 11:26:30+00",7.27585832588375,51.4441066514701,136.2,809944.84,6700230.23
370,"2023/09/26 11:26:33+00",7.27582404389977,51.4441338926554,135.6,809941.03,6700235.09
371,"2023/09/26 11:26:37+00",7.27578163146973,51.4441794063896,135,809936.31,6700243.22
372,"2023/09/26 11:26:40+00",7.27574517019093,51.4442184660584,134.6,809932.25,6700250.2
373,"2023/09/26 11:26:41+00",7.27573343552649,51.4442288596183,134.4,809930.94,6700252.06
374,"2023/09/26 11:26:44+00",7.27568222209811,51.4442580286413,133.8,809925.24,6700257.27
375,"2023/09/26 11:26:46+00",7.27564366534352,51.4442708529532,133.8,809920.95,6700259.56
376,"2023/09/26 11:26:51+00",7.27553168311715,51.4442946575582,133.6,809908.48,6700263.81
377,"2023/09/26 11:26:53+00",7.27550343610346,51.4443090744317,133.4,809905.34,6700266.38
378,"2023/09/26 11:26:59+00",7.27540704421699,51.4443780574948,133,809894.61,6700278.7
379,"2023/09/26 11:27:07+00",7.27531945332885,51.4444522373378,132.2,809884.86,6700291.95
380,"2023/09/26 11:27:15+00",7.27516950108111,51.4445260819048,131.2,809868.16,6700305.14
381,"2023/09/26 11:27:16+00",7.27514846250415,51.4445337932557,131.2,809865.82,6700306.52
382,"2023/09/26 11:27:24+00",7.27500504814088,51.4445943944156,130.4,809849.86,6700317.34
383,"2023/09/26 11:27:27+00",7.27495425380766,51.4446173608303,130.2,809844.2,6700321.44
384,"2023/09/26 11:27:34+00",7.27481855079532,51.4446501340717,129.6,809829.1,6700327.3
385,"2023/09/26 11:27:40+00",7.27471201680601,51.444682655856,129.4,809817.24,6700333.11
386,"2023/09/26 11:27:44+00",7.27464194409549,51.4447110705078,129,809809.44,6700338.18
387,"2023/09/26 11:27:48+00",7.27455762214959,51.4447369705886,128.6,809800.05,6700342.81
388,"2023/09/26 11:27:54+00",7.27444346062839,51.4447898603976,128.6,809787.34,6700352.25
389,"2023/09/26 11:27:57+00",7.27438663132489,51.4448171854019,128.6,809781.02,6700357.13
390,"2023/09/26 11:28:01+00",7.27431094273925,51.4448435883969,128.4,809772.59,6700361.85
391,"2023/09/26 11:28:04+00",7.27424439042807,51.4448769483715,128.2,809765.18,6700367.81
392,"2023/09/26 11:28:10+00",7.27413919754326,51.4449353702366,128,809753.47,6700378.24
393,"2023/09/26 11:28:13+00",7.27408588863909,51.4449569117278,127.8,809747.54,6700382.09
394,"2023/09/26 11:28:20+00",7.27394750341773,51.4450092986226,127,809732.13,6700391.45
395,"2023/09/26 11:28:22+00",7.27391397580504,51.4450203627348,126.8,809728.4,6700393.42
396,"2023/09/26 11:28:28+00",7.27380040101707,51.4450709056109,126.6,809715.76,6700402.45
397,"2023/09/26 11:28:35+00",7.27367517538369,51.4451076183468,126.6,809701.82,6700409.01
398,"2023/09/26 11:28:44+00",7.27349923923612,51.4451139047742,126.4,809682.23,6700410.13
399,"2023/09/26 11:28:50+00",7.27339438162744,51.4451316744089,126.2,809670.56,6700413.3
400,"2023/09/26 11:28:56+00",7.27324409410357,51.4451364520937,126.2,809653.83,6700414.16
401,"2023/09/26 11:29:02+00",7.27310847491026,51.4451328478754,125.8,809638.73,6700413.51
402,"2023/09/26 11:29:03+00",7.273083999753,51.4451313391328,125.8,809636.01,6700413.24
403,"2023/09/26 11:29:11+00",7.27290940470994,51.4451229572296,125.6,809616.57,6700411.75
404,"2023/09/26 11:29:18+00",7.27275660261512,51.4451414812356,125.2,809599.56,6700415.06
405,"2023/09/26 11:29:25+00",7.27261385880411,51.4451466780156,124.8,809583.67,6700415.98
406,"2023/09/26 11:29:31+00",7.27248821407557,51.4451332669705,124.2,809569.68,6700413.59
407,"2023/09/26 11:29:37+00",7.27234438061714,51.4451343566179,123.6,809553.67,6700413.78
408,"2023/09/26 11:29:38+00",7.27232434786856,51.4451328478754,123.6,809551.44,6700413.51
409,"2023/09/26 11:29:44+00",7.27219761349261,51.4451514557004,123.2,809537.34,6700416.84
410,"2023/09/26 11:29:46+00",7.27215042337775,51.4451603405178,122.6,809532.08,6700418.42
411,"2023/09/26 11:29:50+00",7.27206844836473,51.4451725780964,122.4,809522.96,6700420.61
412,"2023/09/26 11:29:54+00",7.27199133485556,51.4451804570854,122.2,809514.37,6700422.02
413,"2023/09/26 11:29:58+00",7.2719164006412,51.4452178403735,122,809506.03,6700428.69
414,"2023/09/26 11:30:04+00",7.27181506343186,51.4452883321792,121.6,809494.75,6700441.28
415,"2023/09/26 11:30:07+00",7.27176426909864,51.4453124720603,121.6,809489.1,6700445.6
416,"2023/09/26 11:30:10+00",7.27171992883086,51.4453330915421,121.6,809484.16,6700449.28
417,"2023/09/26 11:30:18+00",7.27158766239882,51.4454112108797,121.4,809469.44,6700463.23
418,"2023/09/26 11:30:24+00",7.27145330049098,51.4454503543675,121.8,809454.48,6700470.22
419,"2023/09/26 11:30:31+00",7.27129781618714,51.4454831276089,122.4,809437.17,6700476.08
420,"2023/09/26 11:30:33+00",7.27124752476811,51.4454915095121,122.4,809431.57,6700477.57
421,"2023/09/26 11:30:38+00",7.27115582674742,51.4455136377364,122.6,809421.36,6700481.53
422,"2023/09/26 11:30:44+00",7.27103529497981,51.445544064045,123.2,809407.95,6700486.96
423,"2023/09/26 11:30:46+00",7.2709824051708,51.4455522783101,123.4,809402.06,6700488.43
424,"2023/09/26 11:30:48+00",7.27095021866262,51.445562755689,123.4,809398.48,6700490.3
425,"2023/09/26 11:30:52+00",7.27086815983057,51.4455857221037,123.2,809389.34,6700494.4
426,"2023/09/26 11:30:58+00",7.27075282484293,51.4456309843808,123.2,809376.5,6700502.48
427,"2023/09/26 11:31:05+00",7.27062751539052,51.4456913340837,123.2,809362.55,6700513.26
428,"2023/09/26 11:31:12+00",7.27052693255246,51.4457276277244,122.8,809351.36,6700519.75
429,"2023/09/26 11:31:19+00",7.27040505968034,51.4457790926099,122,809337.79,6700528.94
430,"2023/09/26 11:31:23+00",7.27034546434879,51.4458165597171,122.2,809331.15,6700535.63
431,"2023/09/26 11:31:26+00",7.27029559202492,51.4458384364843,122,809325.6,6700539.54
432,"2023/09/26 11:31:29+00",7.27024219930172,51.44586651586,121.8,809319.66,6700544.55
433,"2023/09/26 11:31:32+00",7.27019433863461,51.4458970259875,121.6,809314.33,6700550
434,"2023/09/26 11:31:33+00",7.27017916738987,51.4459101017565,121.6,809312.64,6700552.34
435,"2023/09/26 11:31:40+00",7.27007657289505,51.4459981117398,120.8,809301.22,6700568.06
436,"2023/09/26 11:31:41+00",7.2700637485832,51.4460101816803,120.6,809299.79,6700570.21
437,"2023/09/26 11:31:48+00",7.26997867226601,51.4460838586092,120,809290.32,6700583.37
438,"2023/09/26 11:31:54+00",7.26989166811109,51.4461439568549,120.4,809280.64,6700594.11
439,"2023/09/26 11:32:03+00",7.26978010497987,51.4462576154619,121.6,809268.22,6700614.41
440,"2023/09/26 11:32:04+00",7.26977499201894,51.4462715294212,121.8,809267.65,6700616.89
441,"2023/09/26 11:32:09+00",7.26977138780057,51.4463323820382,123,809267.25,6700627.76
442,"2023/09/26 11:32:10+00",7.26977096870542,51.446350235492,123.2,809267.2,6700630.95
443,"2023/09/26 11:32:13+00",7.26976736448705,51.4463988505304,123.6,809266.8,6700639.63
444,"2023/09/26 11:32:16+00",7.2697561327368,51.4464515727013,124,809265.55,6700649.05
445,"2023/09/26 11:32:18+00",7.26976040750742,51.4464810770005,124.2,809266.03,6700654.32
446,"2023/09/26 11:32:23+00",7.26976803503931,51.4465491380543,124.4,809266.88,6700666.48
447,"2023/09/26 11:32:24+00",7.26976518519223,51.4465679973364,124.4,809266.56,6700669.85
448,"2023/09/26 11:32:27+00",7.26973056793213,51.4466135948896,124.6,809262.71,6700677.99
449,"2023/09/26 11:32:30+00",7.26966544054449,51.4466501399875,125,809255.46,6700684.52
450,"2023/09/26 11:32:31+00",7.26964289322495,51.4466573484242,125,809252.95,6700685.8
451,"2023/09/26 11:32:36+00",7.26953987963498,51.4466969110072,125.8,809241.48,6700692.87
452,"2023/09/26 11:32:41+00",7.26945798844099,51.4467480406165,126,809232.36,6700702
453,"2023/09/26 11:32:42+00",7.26944139227271,51.4467587694526,126,809230.51,6700703.92
454,"2023/09/26 11:32:46+00",7.26935673505068,51.4467900339514,127,809221.09,6700709.5
455,"2023/09/26 11:32:47+00",7.26933175697923,51.4467990864068,127.2,809218.31,6700711.12
456,"2023/09/26 11:32:55+00",7.26919412612915,51.4468827378005,128.4,809202.99,6700726.06
457,"2023/09/26 11:33:03+00",7.26909195072949,51.4469827339053,129.6,809191.61,6700743.92
458,"2023/09/26 11:33:04+00",7.26908373646438,51.4469913672656,129.8,809190.7,6700745.47
459,"2023/09/26 11:33:10+00",7.2690134961158,51.4470575843006,130.6,809182.88,6700757.29
460,"2023/09/26 11:33:15+00",7.26893085055053,51.4471085462719,131.8,809173.68,6700766.4
461,"2023/09/26 11:33:16+00",7.26891207508743,51.447119275108,132,809171.59,6700768.31
462,"2023/09/26 11:33:20+00",7.26884149946272,51.4471449237317,132.8,809163.73,6700772.89
463,"2023/09/26 11:33:22+00",7.26880436763167,51.4471507910639,133.4,809159.6,6700773.94
464,"2023/09/26 11:33:25+00",7.26874980144203,51.4471564907581,134,809153.53,6700774.96
465,"2023/09/26 11:33:28+00",7.26867411285639,51.4471653755754,134.6,809145.1,6700776.55
466,"2023/09/26 11:33:31+00",7.26860680617392,51.4471875037998,135,809137.61,6700780.5
467,"2023/09/26 11:33:32+00",7.26859616115689,51.4472055248916,135.2,809136.42,6700783.72
468,"2023/09/26 11:33:34+00",7.26861401461065,51.4472299162298,135.6,809138.41,6700788.07
469,"2023/09/26 11:33:38+00",7.26872147060931,51.4472682215273,135.8,809150.37,6700794.92
470,"2023/09/26 11:33:43+00",7.2688200417906,51.4472918584943,135.8,809161.35,6700799.14
471,"2023/09/26 11:33:45+00",7.26886857300997,51.4473061077297,135.8,809166.75,6700801.68
472,"2023/09/26 11:33:48+00",7.26893872953951,51.4473231229931,136,809174.56,6700804.72
473,"2023/09/26 11:33:52+00",7.26901651360095,51.4473605062813,136.2,809183.22,6700811.4
474,"2023/09/26 11:33:58+00",7.26915062405169,51.4474167488515,136,809198.15,6700821.45
475,"2023/09/26 11:34:05+00",7.26929068565369,51.4474665373564,136.2,809213.74,6700830.34
476,"2023/09/26 11:34:11+00",7.26942345499992,51.4475133083761,136,809228.52,6700838.69
477,"2023/09/26 11:34:12+00",7.26943544112146,51.4475198462605,136,809229.85,6700839.86
478,"2023/09/26 11:34:14+00",7.26947215385735,51.4475307427347,136,809233.94,6700841.81
479,"2023/09/26 11:34:16+00",7.26951045915484,51.4475446566939,136,809238.2,6700844.29
480,"2023/09/26 11:34:20+00",7.26959595456719,51.4475730713457,136,809247.72,6700849.37
481,"2023/09/26 11:34:28+00",7.26978672668338,51.4476341754198,135.8,809268.96,6700860.28
482,"2023/09/26 11:34:34+00",7.26990935392678,51.4476906694472,135.6,809282.61,6700870.37
483,"2023/09/26 11:34:37+00",7.26997523568571,51.4477110374719,135.6,809289.94,6700874.01
484,"2023/09/26 11:34:39+00",7.27001949213445,51.4477259572595,135.6,809294.87,6700876.67
485,"2023/09/26 11:34:41+00",7.2700655926019,51.4477330818772,135.4,809300,6700877.95
